{
  "cam0": {
    "R": [
      [
        1.0,
        0.0,
        0.0
      ],
      [
        0.0,
        1.0,
        0.0
      ],
      [
        0.0,
        0.0,
        1.0
      ]
    ],
    "t": [
      [
        0.0
      ],
      [
        0.0
      ],
      [
        0.0
      ]
    ]
  },
  "cam1": {
    "R": [
      [
        -0.9974572305638338,
        -0.018044625623454227,
        0.06894537462394537
      ],
      [
        0.06409143478213783,
        0.19594763305067253,
        0.9785176611024485
      ],
      [
        -0.031166667827885713,
        0.9804483242822888,
        -0.19429287745194856
      ]
    ],
    "t": [
      [
        -0.012092278912631262
      ],
      [
        -0.5919647585393357
      ],
      [
        0.8058731298648474
      ]
    ]
  },
  "cam2": {
    "R": [
      [
        -0.14085779508965882,
        0.16255850531648044,
        -0.9765929505632602
      ],
      [
        -0.9890086085480521,
        0.021687661649443333,
        0.14625857258381597
      ],
      [
        0.04495559430259964,
        0.9864605115009945,
        0.1577168950286286
      ]
    ],
    "t": [
      [
        0.5781989815216236
      ],
      [
        -0.12918026797397072
      ],
      [
        0.09785476611732208
      ]
    ]
  }
}