{
  "('cam0', 'cam1')": {
    "F": [
      [
        -1.0284488234675527e-07,
        -4.661932715116893e-06,
        -0.0013497592536952853
      ],
      [
        -4.46048816268408e-06,
        5.1794173193024944e-08,
        0.0020634944877490663
      ],
      [
        -0.0008479267399919032,
        0.002037951386727073,
        1.0
      ]
    ],
    "Rd": [
      [
        -0.9974572305638338,
        -0.018044625623454227,
        0.06894537462394537
      ],
      [
        0.06409143478213783,
        0.19594763305067253,
        0.9785176611024485
      ],
      [
        -0.031166667827885713,
        0.9804483242822888,
        -0.19429287745194856
      ]
    ],
    "td": [
      [
        -0.012092278912631262
      ],
      [
        -0.5919647585393357
      ],
      [
        0.8058731298648474
      ]
    ],
    "triang_points": [
      [
        0.0774148628115654,
        0.07237640768289566,
        0.5778740644454956
      ],
      [
        0.08110925555229187,
        0.04455355182290077,
        0.6083490252494812
      ],
      [
        0.040309838950634,
        -0.02454778365790844,
        0.6643532514572144
      ],
      [
        0.12038268893957138,
        -0.024729136377573013,
        0.7208367586135864
      ],
      [
        -0.10785389691591263,
        -0.007576614152640104,
        0.7255329489707947
      ],
      [
        -0.06394903361797333,
        0.037660904228687286,
        0.6543635129928589
      ],
      [
        -0.057121384888887405,
        0.12724894285202026,
        0.5549037456512451
      ],
      [
        0.009705750271677971,
        0.07764927297830582,
        0.6252070069313049
      ],
      [
        0.00021856985404156148,
        0.07764935493469238,
        0.6251474618911743
      ],
      [
        0.009367184713482857,
        0.0625942125916481,
        0.6421085000038147
      ],
      [
        -0.000569640367757529,
        0.06341516971588135,
        0.6422340273857117
      ],
      [
        0.04604397714138031,
        0.09785863012075424,
        0.5643978714942932
      ]
    ],
    "ids": [
      0,
      1,
      2,
      3,
      4,
      5,
      6,
      7,
      8,
      9,
      10,
      11
    ]
  },
  "('cam1', 'cam2')": {
    "F": [
      [
        2.4046488691662513e-06,
        -5.908570339848984e-07,
        -0.0012029932358164428
      ],
      [
        -9.364435829000162e-07,
        4.215405016703232e-06,
        -0.00016147847895537848
      ],
      [
        -0.0015355767391231807,
        -0.00108902024943212,
        1.0
      ]
    ],
    "Rd": [
      [
        0.07023475144506966,
        -0.9327882829833208,
        0.35351534453044275
      ],
      [
        0.9961863181458563,
        0.08397925760148907,
        0.02367073787834742
      ],
      [
        -0.05176774312689317,
        0.3505046410844386,
        0.9351291875189316
      ]
    ],
    "td": [
      [
        -0.491531103453749
      ],
      [
        -0.1647789445220524
      ],
      [
        -0.8551286884321787
      ]
    ],
    "triang_points": [
      [
        -0.060057707130908966,
        0.022002989426255226,
        1.8662818670272827
      ],
      [
        -0.06726320087909698,
        0.08029010146856308,
        1.8532339334487915
      ],
      [
        0.01608673296868801,
        0.15504418313503265,
        1.6780004501342773
      ],
      [
        -0.18625876307487488,
        0.41519373655319214,
        2.0873069763183594
      ],
      [
        0.3059822916984558,
        0.2876015603542328,
        1.7563612461090088
      ],
      [
        0.19371451437473297,
        0.11334162950515747,
        1.6457241773605347
      ],
      [
        0.1595364660024643,
        -0.05164386332035065,
        1.6077425479888916
      ],
      [
        0.07166896015405655,
        0.0935969352722168,
        1.8206369876861572
      ],
      [
        0.08784763514995575,
        0.08867988735437393,
        1.7966078519821167
      ],
      [
        0.07399577647447586,
        0.12731091678142548,
        1.8259503841400146
      ],
      [
        0.09055688977241516,
        0.12266755104064941,
        1.8050533533096313
      ],
      [
        0.0017769875703379512,
        -0.01006933394819498,
        1.8068838119506836
      ]
    ],
    "ids": [
      0,
      1,
      2,
      3,
      4,
      5,
      6,
      7,
      8,
      9,
      10,
      11
    ]
  }
}