{
  "('cam0', 'cam1')": {
    "triang_points": [
      [
        0.0774148628115654,
        0.07237640768289566,
        0.5778740644454956
      ],
      [
        0.08110925555229187,
        0.04455355182290077,
        0.6083490252494812
      ],
      [
        0.040309838950634,
        -0.02454778365790844,
        0.6643532514572144
      ],
      [
        0.12038268893957138,
        -0.024729136377573013,
        0.7208367586135864
      ],
      [
        -0.10785389691591263,
        -0.007576614152640104,
        0.7255329489707947
      ],
      [
        -0.06394903361797333,
        0.037660904228687286,
        0.6543635129928589
      ],
      [
        -0.057121384888887405,
        0.12724894285202026,
        0.5549037456512451
      ],
      [
        0.009705750271677971,
        0.07764927297830582,
        0.6252070069313049
      ],
      [
        0.00021856985404156148,
        0.07764935493469238,
        0.6251474618911743
      ],
      [
        0.009367184713482857,
        0.0625942125916481,
        0.6421085000038147
      ],
      [
        -0.000569640367757529,
        0.06341516971588135,
        0.6422340273857117
      ],
      [
        0.04604397714138031,
        0.09785863012075424,
        0.5643978714942932
      ]
    ],
    "ids": [
      0,
      1,
      2,
      3,
      4,
      5,
      6,
      7,
      8,
      9,
      10,
      11
    ]
  },
  "('cam1', 'cam2')": {
    "triang_points": [
      [
        0.05264793523065553,
        0.28899908727422163,
        0.5554440472532298
      ],
      [
        0.05859511766039946,
        0.288347346904145,
        0.5864532323047907
      ],
      [
        0.020335559541137527,
        0.20506055347041285,
        0.6457392470519366
      ],
      [
        0.12833808242941327,
        0.4443910580370578,
        0.7302970454422677
      ],
      [
        -0.12827389243184573,
        0.25627873004714896,
        0.7163271287299036
      ],
      [
        -0.0735439705060112,
        0.18247715508781215,
        0.6340391333463324
      ],
      [
        -0.06057787738558869,
        0.14628299731823957,
        0.5519310269187224
      ],
      [
        -0.013167732139411081,
        0.27162360822233267,
        0.6016409813171102
      ],
      [
        -0.021411067797104166,
        0.2585976717016607,
        0.6021515866897398
      ],
      [
        -0.013338713040404057,
        0.277803943303655,
        0.6185004859068399
      ],
      [
        -0.0218243248834723,
        0.2664145164026108,
        0.6188460670412571
      ],
      [
        0.020164502202277338,
        0.2545444377929964,
        0.5472659438759596
      ]
    ],
    "ids": [
      0,
      1,
      2,
      3,
      4,
      5,
      6,
      7,
      8,
      9,
      10,
      11
    ]
  }
}