{
  "points_3d": [
    [
      0.10304892637970631,
      0.12901499983201004,
      0.599400711899246
    ],
    [
      0.10359231463352771,
      0.11263020362059412,
      0.6271159670200251
    ],
    [
      0.06804748650094684,
      0.06920854367280717,
      0.6768296920934767
    ],
    [
      0.1277206251900544,
      0.07554282977432294,
      0.7232294204315293
    ],
    [
      -0.05426246792250015,
      0.08773663082096834,
      0.726131274588378
    ],
    [
      -0.014475997890459441,
      0.11202037021366992,
      0.6646506250130868
    ],
    [
      -0.0028520526094023145,
      0.1652815512430903,
      0.5725479361128281
    ],
    [
      0.04708791432654353,
      0.13775418533811998,
      0.6361104232333571
    ],
    [
      0.0395695510375722,
      0.1376665108256498,
      0.636021350707144
    ],
    [
      0.045679073699895906,
      0.12908720382606273,
      0.6508657397021433
    ],
    [
      0.038034077475358107,
      0.12942860388315836,
      0.6508138908449091
    ],
    [
      0.0791258199676535,
      0.14549684274969588,
      0.586988059869797
    ]
  ],
  "ids": [
    0,
    1,
    2,
    3,
    4,
    5,
    6,
    7,
    8,
    9,
    10,
    11
  ]
}