{
  "cam0": {
    "R": [
      [
        1.0,
        0.0,
        0.0
      ],
      [
        0.0,
        1.0,
        0.0
      ],
      [
        0.0,
        0.0,
        1.0
      ]
    ],
    "t": [
      -0.07401791698415022,
      -0.005608169746799975,
      -0.10647639404081186
    ],
    "K": [
      [
        677.7505400778564,
        0.0,
        465.0004873481055
      ],
      [
        0.0,
        698.7711520851354,
        148.58617582523584
      ],
      [
        0.0,
        0.0,
        1.0
      ]
    ],
    "dist": [
      0.050689021402143195,
      -0.5791069490898412,
      0.0003224029474952566,
      -0.0027559000071004838,
      0.4336422702904729
    ]
  },
  "cam1": {
    "R": [
      [
        -0.991266489672723,
        -0.10331346241028133,
        0.08195776312660562
      ],
      [
        0.039799641294586456,
        0.35813290636047024,
        0.9328219604697484
      ],
      [
        -0.12572483845581056,
        0.9279370398182206,
        -0.3508933101794024
      ]
    ],
    "t": [
      -0.04935147593460438,
      -0.6029699277288485,
      0.6481776129097625
    ],
    "K": [
      [
        502.49810857199157,
        0.0,
        515.7840702217784
      ],
      [
        0.0,
        533.1092531360385,
        236.3602753143745
      ],
      [
        0.0,
        0.0,
        1.0
      ]
    ],
    "dist": [
      0.1873650032070079,
      -0.467248150750147,
      0.0006061200126894612,
      0.0022060576106781396,
      0.48555018555477675
    ]
  },
  "cam2": {
    "R": [
      [
        -0.07194558183564534,
        0.3835927102153472,
        -0.9206956423943663
      ],
      [
        -0.96308908763284,
        0.2133445338484245,
        0.1641448115523058
      ],
      [
        0.2593901357740386,
        0.8985214201935547,
        0.35408475668472755
      ]
    ],
    "t": [
      0.5349152125888422,
      -0.1602179707841571,
      0.16959057313214498
    ],
    "K": [
      [
        640.1493289941611,
        0.0,
        472.1931301099258
      ],
      [
        0.0,
        614.1447810441726,
        312.18150316147
      ],
      [
        0.0,
        0.0,
        1.0
      ]
    ],
    "dist": [
      0.10098682167515097,
      -0.6896286940132565,
      0.0008060930275367813,
      -0.0001612294083236895,
      0.5178269512103391
    ]
  }
}