{
    "cam0": {
        "K": [
            [
                596.9904897473695,
                0.0,
                417.810376547212
            ],
            [
                0.0,
                598.8894861564778,
                248.57099317352444
            ],
            [
                0.0,
                0.0,
                1.0
            ]
        ],
        "dist": [
            0.1506890214031432,
            -0.4791069527252844,
            0.0003224029484952501,
            -0.0027559000081004833,
            0.43364227029147245
        ]
    },
    "cam1": {
        "K": [
            [
                602.3033714027646,
                0.0,
                443.9615987374352
            ],
            [
                0.0,
                610.9745391472775,
                248.67414344773462
            ],
            [
                0.0,
                0.0,
                1.0
            ]
        ],
        "dist": [
            0.1786057016471338,
            -0.5489432752608444,
            0.0006061200116898464,
            0.0022060576098582247,
            0.48555018555415713
        ]
    },
    "cam2": {
        "K": [
            [
                618.6280355665273,
                0.0,
                426.28209131334165
            ],
            [
                0.0,
                626.2201061534831,
                247.26548594249812
            ],
            [
                0.0,
                0.0,
                1.0
            ]
        ],
        "dist": [
            0.2009868216622964,
            -0.5896286945036437,
            0.0008060930265367814,
            -0.00016122940932368946,
            0.5178269512113389
        ]
    }
}
